user_id,user_name,id_type,phone,email
1,Kennith Hedon,7,386-292-9712,khedon0@dropbox.com
2,Leon Dabrowski,1,754-494-1384,ldabrowski1@lycos.com
3,Rorke Gwynn,4,745-240-9493,rgwynn2@hc360.com
4,Adi Sacher,8,705-950-4762,asacher3@bloomberg.com
5,Hardy Mansour,5,628-499-9894,hmansour4@constantcontact.com
6,Aline Antognetti,3,810-762-7493,aantognetti5@dmoz.org
7,Corette Marciskewski,2,848-161-7159,cmarciskewski6@diigo.com
8,Celestina Dovidian,3,239-171-2164,cdovidian7@accuweather.com
9,Gaynor McCamish,3,785-327-0907,gmccamish8@sphinn.com
10,Malorie Petri,3,991-115-2408,mpetri9@techcrunch.com
11,Madella Blamey,1,152-412-2586,mblameya@odnoklassniki.ru
12,Burke Weber,8,985-717-3551,bweberb@123-reg.co.uk
13,Eddie Pavic,4,707-162-2366,epavicc@ocn.ne.jp
14,Stafani Speariett,3,371-229-0462,sspeariettd@marriott.com
15,Jaquith Garbert,2,843-136-6383,jgarberte@ft.com
16,Vivie Girton,1,429-307-3342,vgirtonf@liveinternet.ru
17,Blake Sneller,1,378-880-0261,bsnellerg@purevolume.com
18,Gerhard Guare,5,629-332-7399,gguareh@joomla.org
19,Myrah Felderer,8,755-227-9411,mfeldereri@businesswire.com
20,Giselbert Gilsthorpe,8,636-793-6594,ggilsthorpej@nps.gov
21,Faun Greathead,3,969-173-5704,fgreatheadk@macromedia.com
22,Nata Scollick,8,574-347-7965,nscollickl@ning.com
23,Liz Andrat,5,461-252-4596,landratm@cnbc.com
24,Ondrea Guiu,4,760-639-6839,oguiun@nyu.edu
25,Haskell Hanhart,6,506-862-5517,hhanharto@linkedin.com
26,Casey Houldin,7,782-109-9750,chouldinp@telegraph.co.uk
27,Marcy Dumpleton,2,529-744-1095,mdumpletonq@unesco.org
28,Rafferty Goodyer,1,757-188-4888,rgoodyerr@purevolume.com
29,Dwight Delong,4,326-642-9123,ddelongs@mayoclinic.com
30,Alicia Jagels,8,923-758-8833,ajagelst@github.io
31,Adrea Sedgwick,3,386-586-3155,asedgwicku@reference.com
32,Serene Headey,2,559-233-2609,sheadeyv@flavors.me
33,Meggy Robardey,4,715-536-8205,mrobardeyw@statcounter.com
34,Rosco MacCallum,2,444-971-9564,rmaccallumx@bing.com
35,Letizia Kinnane,5,141-152-1359,lkinnaney@unc.edu
36,Foss Chippendale,3,906-545-1147,fchippendalez@ifeng.com
37,Katha Satch,6,292-622-8421,ksatch10@techcrunch.com
38,Lucian Coult,1,340-823-8645,lcoult11@gmpg.org
39,Benji Ciccoloi,3,536-191-2453,bciccoloi12@ucla.edu
40,Lezlie Lemmon,8,116-495-0407,llemmon13@nsw.gov.au
41,Arty La Rosa,4,763-642-2017,ala14@boston.com
42,Isidro Romer,3,774-767-9251,iromer15@ibm.com
43,Ricky Lyddiard,7,966-217-9726,rlyddiard16@booking.com
44,Franciskus Schapero,4,946-580-0742,fschapero17@wp.com
45,Kirstin McCallum,7,344-415-1119,kmccallum18@fema.gov
46,Abbye Walburn,7,640-421-1876,awalburn19@elpais.com
47,Helen-elizabeth Livsey,1,231-191-3438,hlivsey1a@clickbank.net
48,Gabey Kellough,5,140-617-2476,gkellough1b@arizona.edu
49,Silvanus Haughian,2,233-170-8479,shaughian1c@upenn.edu
50,Claire Essery,3,640-775-3844,cessery1d@jimdo.com
51,Teodoro Ciementini,3,159-736-1897,tciementini1e@globo.com
52,Zeke Chat,7,173-611-7959,zchat1f@discovery.com
53,Dallas Hodjetts,6,414-188-3965,dhodjetts1g@usda.gov
54,Kit Longcake,8,725-431-4216,klongcake1h@facebook.com
55,Vergil Davers,7,119-565-0167,vdavers1i@disqus.com
56,Piggy Mowlam,4,214-575-2822,pmowlam1j@list-manage.com
57,Ingaborg Bernardo,8,441-630-0178,ibernardo1k@illinois.edu
58,Stacy Disley,1,183-849-2214,sdisley1l@sbwire.com
59,Valma Glitherow,7,634-576-8657,vglitherow1m@indiegogo.com
60,Ruthanne Bradforth,4,535-982-6336,rbradforth1n@w3.org
61,Ruperta Slayton,7,846-780-5624,rslayton1o@w3.org
62,Chelsae Brantzen,1,938-882-6158,cbrantzen1p@bigcartel.com
63,Eartha Brun,1,560-717-9440,ebrun1q@tiny.cc
64,Kimberlyn Demsey,4,312-183-1436,kdemsey1r@washington.edu
65,Anetta Tuvey,1,858-944-8448,atuvey1s@ycombinator.com
66,Sullivan Itzkovsky,2,404-856-4375,sitzkovsky1t@phpbb.com
67,Olvan Beaten,7,287-559-2752,obeaten1u@indiatimes.com
68,Shae Calbreath,2,975-325-7924,scalbreath1v@cnbc.com
69,Wallace Felten,6,415-222-3052,wfelten1w@ebay.com
70,Kip Guirardin,4,106-442-6497,kguirardin1x@lycos.com
71,Elysee Doel,2,947-140-8815,edoel1y@edublogs.org
72,Bobbye Lloyds,2,669-181-3145,blloyds1z@tuttocitta.it
73,Roderic MacKaig,4,983-627-3676,rmackaig20@hubpages.com
74,Almira Courtney,3,536-863-2952,acourtney21@canalblog.com
75,Ezra Sheber,8,162-418-9723,esheber22@unesco.org
76,Madeleine Giacomi,7,663-683-2406,mgiacomi23@nsw.gov.au
77,Tamara Spowart,7,688-717-3823,tspowart24@hud.gov
78,Nannette Andreu,1,202-552-0463,nandreu25@ed.gov
79,Martguerita Mustchin,4,196-330-4057,mmustchin26@furl.net
80,Marti Ablott,3,149-621-4244,mablott27@yahoo.com
81,Joshuah Scyner,4,330-968-1056,jscyner28@elpais.com
82,Bevvy Spybey,7,447-902-3089,bspybey29@home.pl
83,Amos Nenci,6,421-479-0149,anenci2a@booking.com
84,Mel Toovey,8,510-961-0169,mtoovey2b@arstechnica.com
85,Maegan Tolomelli,3,583-913-4091,mtolomelli2c@webs.com
86,Herb Alenichicov,4,586-919-2437,halenichicov2d@forbes.com
87,Malva Ragg,5,685-781-8278,mragg2e@google.nl
88,Elliot Bernucci,6,856-692-4409,ebernucci2f@ihg.com
89,Linn Terzza,6,452-513-2008,lterzza2g@mtv.com
90,Steffie McTrustrie,7,501-530-2837,smctrustrie2h@reuters.com
91,Theodosia Bindin,2,462-212-6708,tbindin2i@wix.com
92,Saunder Dessaur,7,798-128-6123,sdessaur2j@posterous.com
93,Brigg Surtees,8,366-612-8012,bsurtees2k@jugem.jp
94,Aurlie Pottes,1,720-832-7637,apottes2l@cdbaby.com
95,Constantia Harkins,2,222-360-3859,charkins2m@google.ca
96,Sue Hattrick,7,332-521-9456,shattrick2n@wired.com
97,Annis Kermath,2,568-376-8059,akermath2o@odnoklassniki.ru
98,Aurilia Lokier,3,960-947-1040,alokier2p@4shared.com
99,Omar Songist,2,385-322-0871,osongist2q@oaic.gov.au
100,Brew Guild,7,868-458-3240,bguild2r@qq.com
